{
  "miny": -0.9100000262260437,
  "minx": -0.7300000190734863,
  "maxz": -0.8999999761581421,
  "maxy": 0.9399999976158142,
  "maxx": 0.6299999952316284,
  "minz": -2
}