{
  "miny": 9.739999771118164,
  "minx": 8.899999618530273,
  "maxz": 8.779999732971191,
  "maxy": 10.279999732971191,
  "maxx": 10.4399995803833,
  "minz": 7
}