{
  "splitx": false,
  "maxz": 1.0099999904632568,
  "splity": false,
  "maxy": 1.1799999475479126,
  "maxx": 0.699999988079071,
  "winy": 53,
  "winx": 1040,
  "crossz": false,
  "crossx": false,
  "crossy": false,
  "miny": -0.9700000286102295,
  "minx": -1.2300000190734863,
  "splitz": false,
  "minz": -0.4300000071525574
}