{
  "splitx": true,
  "maxz": 4.063185691833496,
  "splity": false,
  "maxy": 1.1799999475479126,
  "maxx": 0.5899999737739563,
  "winy": 885,
  "winx": 1583,
  "crossz": true,
  "crossx": false,
  "crossy": false,
  "miny": -0.7099999785423279,
  "minx": -1.2599999904632568,
  "splitz": false,
  "minz": 1.4600000381469727
}